{
    "A": {
        "0": -1.0027461593,
        "1": -0.7310836934,
        "2": 0.2907802707,
        "3": 1.1596499421,
        "4": -0.3909132161,
        "5": 0.7395313547,
        "6": 0.0819945945,
        "7": -0.778937584,
        "8": 0.0056939779,
        "9": -0.1285400649
    },
    "B": {
        "0": 0.8417272573,
        "1": 0.1027235435,
        "2": -0.4913954851,
        "3": 0.5119660049,
        "4": -0.0369259898,
        "5": -0.8577218072,
        "6": -1.4477070641,
        "7": -1.5933972448,
        "8": 1.1686936749,
        "9": -0.3612588252
    },
    "C": {
        "0": -0.819141541,
        "1": 0.0879159252,
        "2": -0.5565311032,
        "3": 0.1455405755,
        "4": -0.5102514857,
        "5": 0.1355698224,
        "6": -0.6627033973,
        "7": -0.1845115129,
        "8": -0.0986477986,
        "9": 0.1600288882
    },
    "D": {
        "0": 0.0341474032,
        "1": 2.1251692656,
        "2": 1.666097293,
        "3": -1.1864104531,
        "4": 0.497480798,
        "5": 0.2378385978,
        "6": -1.3483376648,
        "7": -0.638577156,
        "8": -0.2193826275,
        "9": -0.5898360504
    },
    "E": {
        "0": -0.8986758891,
        "1": 1.81698582,
        "2": 0.8412580424,
        "3": 0.8789827655,
        "4": 0.0760766875,
        "5": -1.5372182666,
        "6": -2.219008545,
        "7": -0.7094505823,
        "8": 2.5270170618,
        "9": -0.4173459231
    }
}